{"cameraMode":{"drawMode":0,"name":"Shaded","section":"Shading Mode"},"sceneLighting":true,"audioPlay":false,"sceneViewState":{"m_AlwaysRefresh":false,"showFog":true,"showSkybox":false,"showFlares":true,"showImageEffects":true,"showParticleSystems":true,"showVisualEffectGraphs":true,"m_FxEnabled":true},"in2DMode":false,"pivot":{"x":5.378475189208984,"y":30.500534057617189,"z":14.145671844482422},"rotation":{"x":-0.06145301088690758,"y":0.9305077791213989,"z":-0.18408368527889253,"w":-0.31063300371170046},"size":15.00271987915039,"orthographic":false}